<Ui xmlns:xsi="http://www.w3.org/2001/XMLSchema-instance" xmlns:xsd="http://www.w3.org/2001/XMLSchema" xmlns="http://www.blizzard.com/wow/ui/">
	<Script file="TabGuild.lua"></Script>
	
	<Frame parentKey="TabGuild" inherits="AddonFactory_AuctionHouseTabFrameTemplate" parent="AltoholicFrame" id="4">
		<Size x="758" y="447" />
		<Anchors>
			<Anchor point="TOPLEFT"/>
		</Anchors>
		<Layers>
			<Layer level="OVERLAY">
				<FontString parentKey="Status" inherits="GameFontNormal" justifyH="LEFT">
					<Size x="450" y="24" />
					<Anchors>
						<Anchor point="BOTTOMLEFT" x="200" y="4" />
					</Anchors>
				</FontString>
			</Layer>
		</Layers>
		<Frames>
			<Frame parentKey="CategoriesList" inherits="AddonFactory_AuctionHouseCategoriesListTemplate">
				<Anchors>
					<Anchor point="TOPLEFT" x="4" y="-68"/>
				</Anchors>
				<Scripts>
					<OnLoad>
						Altoholic:BindViewToController(self, "AltoholicUI.TabGuildCategoriesList", "AddonFactory.AuctionHouseCategoriesList")
					</OnLoad>
				</Scripts>
			</Frame>
			
			<Frame parentKey="HeaderContainer" inherits="AddonFactory_AuctionHouseHeaderContainerTemplate">
				<Anchors>
					<Anchor point="TOPLEFT" relativeKey="$parent.CategoriesList" relativePoint="TOPRIGHT" x="0" y="-4"/>
					<Anchor point="RIGHT" x="-20" y="0"/>
				</Anchors>
				<KeyValues>
					<KeyValue key="numButtons" value="5" type="number" />
				</KeyValues>
			</Frame>
			
			<Frame parentKey="Background" useParentLevel="true">
				<Anchors>
					<Anchor point="TOPLEFT" relativeKey="$parent.CategoriesList" relativePoint="TOPRIGHT" x="4" y="-25"/>
					<Anchor point="RIGHT" relativeTo="AltoholicFrame" relativePoint="RIGHT" x="-30" y="0"/>
					<Anchor point="BOTTOM" relativeTo="AltoholicFrame" relativePoint="BOTTOM" x="0" y="28"/>
				</Anchors>
				<Layers>
					<Layer level="BACKGROUND" textureSubLevel="-5">
						<Texture parentKey="bg" atlas="auctionhouse-background-index" useAtlasSize="true" />
					</Layer>
				</Layers>
			</Frame>	
		</Frames>
		<Scripts>
			<OnLoad>
				Altoholic:BindViewToController(self, "AltoholicUI.TabGuild")
			</OnLoad>
		</Scripts>
	</Frame>
</Ui>
