<Ui xmlns="http://www.blizzard.com/wow/ui/" xmlns:xsi="http://www.w3.org/2001/XMLSchema-instance" xsi:schemaLocation="http://www.blizzard.com/wow/ui/
..\FrameXML\UI.xsd">
	<Script file="Core\Tools.lua"/>
	<Script file="Core\Enum.lua"/>
	
	<Script file="Services\Options.lua"/>
	<Script file="Services\SimpleHTML.lua"/>
	<Script file="Templates\Frame.lua"/>
	
	<Include file="Templates\AutoCastShine.xml"/>
	<Include file="Templates\Button.xml"/>
	<Include file="Templates\Tooltip.xml"/>
	<Include file="Templates\DropDownMenu.xml"/>
	<Include file="Templates\MessageBox.xml"/>
	<Include file="Templates\MinimapButton.xml"/>
	<Include file="Templates\OptionsSlider.xml"/>
	<Include file="Templates\ScrollFrames.xml"/>
	<Include file="Templates\ToggleButton.xml"/>
	<Include file="Templates\AuctionHouseUI\CategoriesList.xml"/>
	<Include file="Templates\AuctionHouseUI\SortButton.xml"/>
	<Include file="Templates\AuctionHouseUI\HeaderContainer.xml"/>
	<Include file="Templates\AuctionHouseUI\Main.xml"/>
</Ui>
