<Ui xmlns:xsi="http://www.w3.org/2001/XMLSchema-instance" xmlns:xsd="http://www.w3.org/2001/XMLSchema" xmlns="http://www.blizzard.com/wow/ui/">
	<Script file="Equipment.lua"></Script>
	<Script file="ColumnOptions.lua"></Script>
	<Script file="Formatter.lua"></Script>
	<Script file="Events.lua"></Script>
	<Script file="Authorization.lua"></Script>
	<Script file="SharedContent.lua"></Script>
	<Script file="AvailableContent.lua"></Script>
	<Script file="AccountSharing.lua"></Script>
	<Script file="Tooltip.lua"></Script>
</Ui>